"entity","source_id","identifier","zhCN_name","zhCN_description","source_title","source_url","license"
"move","729","zippy-zap","","容易击中要害。","电电加速（招式）","https://wiki.52poke.com/wiki/%E7%94%B5%E7%94%B5%E5%8A%A0%E9%80%9F%EF%BC%88%E6%8B%9B%E5%BC%8F%EF%BC%89","CC BY-NC-SA 3.0"
"move","730","splishy-splash","","攻击目标造成伤害。 有30%的几率使目标陷入麻痹状态。","滔滔冲浪（招式）","https://wiki.52poke.com/wiki/%E6%BB%94%E6%BB%94%E5%86%B2%E6%B5%AA%EF%BC%88%E6%8B%9B%E5%BC%8F%EF%BC%89","CC BY-NC-SA 3.0"
"move","731","floaty-fall","","攻击目标造成伤害。 有30%的几率使目标畏缩。","飘飘坠落（招式）","https://wiki.52poke.com/wiki/%E9%A3%98%E9%A3%98%E5%9D%A0%E8%90%BD%EF%BC%88%E6%8B%9B%E5%BC%8F%EF%BC%89","CC BY-NC-SA 3.0"
"move","732","pika-papow","","攻击目标造成伤害。威力随着亲密度增加，为亲密度÷2.5；最大102，最小1。 攻击必定会命中。 闪闪雷光在搭档信号出现后，挥动Joy-Con或精灵球 Plus就能使用。即使搭档皮卡丘不在场上，搭档信号也有可能会出现。","闪闪雷光（招式）","https://wiki.52poke.com/wiki/%E9%97%AA%E9%97%AA%E9%9B%B7%E5%85%89%EF%BC%88%E6%8B%9B%E5%BC%8F%EF%BC%89","CC BY-NC-SA 3.0"
"move","733","bouncy-bubble","","自身回复造成伤害50%的ＨＰ。","活活气泡（招式）","https://wiki.52poke.com/wiki/%E6%B4%BB%E6%B4%BB%E6%B0%94%E6%B3%A1%EF%BC%88%E6%8B%9B%E5%BC%8F%EF%BC%89","CC BY-NC-SA 3.0"
"move","734","buzzy-buzz","","攻击目标造成伤害。 有100%的几率使目标陷入麻痹状态。","麻麻电击（招式）","https://wiki.52poke.com/wiki/%E9%BA%BB%E9%BA%BB%E7%94%B5%E5%87%BB%EF%BC%88%E6%8B%9B%E5%BC%8F%EF%BC%89","CC BY-NC-SA 3.0"
"move","735","sizzly-slide","","攻击目标造成伤害。 有100%的几率使目标陷入灼伤状态。 使用后可以解除自己的冰冻状态。","熊熊火爆（招式）","https://wiki.52poke.com/wiki/%E7%86%8A%E7%86%8A%E7%81%AB%E7%88%86%EF%BC%88%E6%8B%9B%E5%BC%8F%EF%BC%89","CC BY-NC-SA 3.0"
"move","736","glitzy-glow","","攻击目标造成伤害。 使己方场地变为光墙状态。","哗哗气场（招式）","https://wiki.52poke.com/wiki/%E5%93%97%E5%93%97%E6%B0%94%E5%9C%BA%EF%BC%88%E6%8B%9B%E5%BC%8F%EF%BC%89","CC BY-NC-SA 3.0"
"move","737","baddy-bad","","攻击目标造成伤害。 使己方场地变为反射壁状态。","坏坏领域（招式）","https://wiki.52poke.com/wiki/%E5%9D%8F%E5%9D%8F%E9%A2%86%E5%9F%9F%EF%BC%88%E6%8B%9B%E5%BC%8F%EF%BC%89","CC BY-NC-SA 3.0"
"move","738","sappy-seed","","攻击目标造成伤害。 茁茁轰炸有100%的几率使目标陷入寄生种子状态。","茁茁炸弹（招式）","https://wiki.52poke.com/wiki/%E8%8C%81%E8%8C%81%E7%82%B8%E5%BC%B9%EF%BC%88%E6%8B%9B%E5%BC%8F%EF%BC%89","CC BY-NC-SA 3.0"
"move","739","freezy-frost","","攻击目标造成伤害。 场上全部宝可梦的能力变化（包括命中率、闪避率）的修正消除。","冰冰霜冻（招式）","https://wiki.52poke.com/wiki/%E5%86%B0%E5%86%B0%E9%9C%9C%E5%86%BB%EF%BC%88%E6%8B%9B%E5%BC%8F%EF%BC%89","CC BY-NC-SA 3.0"
"move","740","sparkly-swirl","","治愈己方所有宝可梦的除濒死以外的异常状态。","亮亮风暴（招式）","https://wiki.52poke.com/wiki/%E4%BA%AE%E4%BA%AE%E9%A3%8E%E6%9A%B4%EF%BC%88%E6%8B%9B%E5%BC%8F%EF%BC%89","CC BY-NC-SA 3.0"
"move","741","veevee-volley","","攻击目标造成伤害。威力随着亲密度增加，为亲密度÷2.5；最大102，最小1。 攻击必定会命中。 砰砰击破在搭档信号出现后，挥动Joy-Con或精灵球 Plus就能使用。即使搭档伊布不在场上，搭档信号也有可能会出现。","砰砰击破（招式）","https://wiki.52poke.com/wiki/%E7%A0%B0%E7%A0%B0%E5%87%BB%E7%A0%B4%EF%BC%88%E6%8B%9B%E5%BC%8F%EF%BC%89","CC BY-NC-SA 3.0"
"move","742","double-iron-bash","","连续攻击对手两次。 有30%的几率使目标畏缩。","钢拳双击（招式）","https://wiki.52poke.com/wiki/%E9%92%A2%E6%8B%B3%E5%8F%8C%E5%87%BB%EF%BC%88%E6%8B%9B%E5%BC%8F%EF%BC%89","CC BY-NC-SA 3.0"
"move","749","tar-shot","","对目标使用该招式后，火属性的招式将会对目标造成效果绝佳的伤害。 对太晶化的宝可梦使用该招式，可以令其速度降低，但不会令火属性对其效果绝佳。","沥青射击（招式）","https://wiki.52poke.com/wiki/%E6%B2%A5%E9%9D%92%E5%B0%84%E5%87%BB%EF%BC%88%E6%8B%9B%E5%BC%8F%EF%BC%89","CC BY-NC-SA 3.0"
"move","754","bolt-beak","","攻击目标造成伤害。 若当回合目标未曾行动过（包括后手行动以及当回合被替换上场），招式的威力会变成２倍。","电喙（招式）","https://wiki.52poke.com/wiki/%E7%94%B5%E5%96%99%EF%BC%88%E6%8B%9B%E5%BC%8F%EF%BC%89","CC BY-NC-SA 3.0"
"move","755","fishious-rend","","攻击目标造成伤害。 若当回合目标未曾行动过（包括后手行动以及当回合被替换上场），招式的威力会变成２倍。","鳃咬（招式）","https://wiki.52poke.com/wiki/%E9%B3%83%E5%92%AC%EF%BC%88%E6%8B%9B%E5%BC%8F%EF%BC%89","CC BY-NC-SA 3.0"
"move","756","court-change","","可交换招式使用方和对方的部分场地状态。 包括但不仅限于 对入场宝可梦生效的招式。 反射壁、光墙、极光幕。 顺风。 超极巨地狱灭焰、超极巨水炮轰灭、超极巨灰飞鞭灭、超极巨炎石喷发。 火海、彩虹、湿地。 白雾、神秘守护。 不包括 场地型状态。 戏法空间、奇妙空间、魔法空间等向全场地施放的状态变化。","换场（招式）","https://wiki.52poke.com/wiki/%E6%8D%A2%E5%9C%BA%EF%BC%88%E6%8B%9B%E5%BC%8F%EF%BC%89","CC BY-NC-SA 3.0"
"move","778","drum-beating","","攻击目标造成伤害。","鼓击（招式）","https://wiki.52poke.com/wiki/%E9%BC%93%E5%87%BB%EF%BC%88%E6%8B%9B%E5%BC%8F%EF%BC%89","CC BY-NC-SA 3.0"
"move","784","breaking-swipe","","攻击目标造成伤害。","广域破坏（招式）","https://wiki.52poke.com/wiki/%E5%B9%BF%E5%9F%9F%E7%A0%B4%E5%9D%8F%EF%BC%88%E6%8B%9B%E5%BC%8F%EF%BC%89","CC BY-NC-SA 3.0"
"move","785","branch-poke","","攻击目标造成伤害。","木枝突刺（招式）","https://wiki.52poke.com/wiki/%E6%9C%A8%E6%9E%9D%E7%AA%81%E5%88%BA%EF%BC%88%E6%8B%9B%E5%BC%8F%EF%BC%89","CC BY-NC-SA 3.0"
"move","787","apple-acid","","攻击目标造成伤害。","苹果酸（招式）","https://wiki.52poke.com/wiki/%E8%8B%B9%E6%9E%9C%E9%85%B8%EF%BC%88%E6%8B%9B%E5%BC%8F%EF%BC%89","CC BY-NC-SA 3.0"
"move","788","grav-apple","","攻击目标造成伤害。 处于重力状态时，招式威力提升50%。","万有引力（招式）","https://wiki.52poke.com/wiki/%E4%B8%87%E6%9C%89%E5%BC%95%E5%8A%9B%EF%BC%88%E6%8B%9B%E5%BC%8F%EF%BC%89","CC BY-NC-SA 3.0"
"move","790","strange-steam","","攻击目标造成伤害。 有20%的几率使目标陷入混乱状态。","神奇蒸汽（招式）","https://wiki.52poke.com/wiki/%E7%A5%9E%E5%A5%87%E8%92%B8%E6%B1%BD%EF%BC%88%E6%8B%9B%E5%BC%8F%EF%BC%89","CC BY-NC-SA 3.0"
"move","793","false-surrender","","攻击目标造成伤害。 攻击必定会命中。","假跪真撞（招式）","https://wiki.52poke.com/wiki/%E5%81%87%E8%B7%AA%E7%9C%9F%E6%92%9E%EF%BC%88%E6%8B%9B%E5%BC%8F%EF%BC%89","CC BY-NC-SA 3.0"
"move","789","spirit-break","","攻击目标造成伤害。 使目标的特攻降低1级。","灵魂冲击（招式）","https://wiki.52poke.com/wiki/%E7%81%B5%E9%AD%82%E5%86%B2%E5%87%BB%EF%BC%88%E6%8B%9B%E5%BC%8F%EF%BC%89","CC BY-NC-SA 3.0"
"move","797","expanding-force","","一般情况下，攻击目标为除自身以外场上任意一只可以攻击到的宝可梦（包括队友）。 在精神场地上，若使用者为地面上的宝可梦，会产生攻击目标变为全部能攻击到的对手宝可梦，威力进一步提升50%的附加效果，精神场地本身提升的30％额外计算。 发动附加效果后，能产生以下结果： 即使原本攻击目标为队友，攻击目标同样变为全部能攻击到的对方宝可梦。 即使原本攻击目标为恶属性宝可梦或进入守住状态，广域战力也能攻击到其他对手宝可梦。 广域战力可以被广域防守阻挡。","广域战力（招式）","https://wiki.52poke.com/wiki/%E5%B9%BF%E5%9F%9F%E6%88%98%E5%8A%9B%EF%BC%88%E6%8B%9B%E5%BC%8F%EF%BC%89","CC BY-NC-SA 3.0"
"move","798","steel-roller","","攻击后破坏场地型状态。 如果不存在场地型状态，招式使用失败。 该招式不受强行特性影响。","铁滚轮（招式）","https://wiki.52poke.com/wiki/%E9%93%81%E6%BB%9A%E8%BD%AE%EF%BC%88%E6%8B%9B%E5%BC%8F%EF%BC%89","CC BY-NC-SA 3.0"
"move","799","scale-shot","","使使用者的防御降低1级。 即使使用者具有强行特性，该效果仍会发动，并且鳞射的威力不会提高。","鳞射（招式）","https://wiki.52poke.com/wiki/%E9%B3%9E%E5%B0%84%EF%BC%88%E6%8B%9B%E5%BC%8F%EF%BC%89","CC BY-NC-SA 3.0"
"move","805","terrain-pulse","","借助场地的力量进行攻击。视使出招式时场地状态不同，招式的属性和威力会有所变化： 在宝可梦极巨化时，大地波动在选择招式的界面会变为极巨攻击，但是实际使出时会根据当时的场地变化为对应属性的极巨招式或超极巨招式。 非地面上的宝可梦使用大地波动时，不会随场地发生变化。 大地波动受特性超级发射器影响。","大地波动（招式）","https://wiki.52poke.com/wiki/%E5%A4%A7%E5%9C%B0%E6%B3%A2%E5%8A%A8%EF%BC%88%E6%8B%9B%E5%BC%8F%EF%BC%89","CC BY-NC-SA 3.0"
"move","806","skitter-smack","","攻击目标造成伤害。 使目标的特攻降低1级。","爬击（招式）","https://wiki.52poke.com/wiki/%E7%88%AC%E5%87%BB%EF%BC%88%E6%8B%9B%E5%BC%8F%EF%BC%89","CC BY-NC-SA 3.0"
"move","811","coaching","","指导不受守住状态的影响。","指导（招式）","https://wiki.52poke.com/wiki/%E6%8C%87%E5%AF%BC%EF%BC%88%E6%8B%9B%E5%BC%8F%EF%BC%89","CC BY-NC-SA 3.0"
"move","812","flip-turn","","攻击目标造成伤害。","快速折返（招式）","https://wiki.52poke.com/wiki/%E5%BF%AB%E9%80%9F%E6%8A%98%E8%BF%94%EF%BC%88%E6%8B%9B%E5%BC%8F%EF%BC%89","CC BY-NC-SA 3.0"
"move","815","scorching-sands","","有30%的几率使目标陷入灼伤状态。 使用后可以解除自己的冰冻状态。","热沙大地（招式）","https://wiki.52poke.com/wiki/%E7%83%AD%E6%B2%99%E5%A4%A7%E5%9C%B0%EF%BC%88%E6%8B%9B%E5%BC%8F%EF%BC%89","CC BY-NC-SA 3.0"
"move","817","wicked-blow","","容易击中要害。","暗冥强击（招式）","https://wiki.52poke.com/wiki/%E6%9A%97%E5%86%A5%E5%BC%BA%E5%87%BB%EF%BC%88%E6%8B%9B%E5%BC%8F%EF%BC%89","CC BY-NC-SA 3.0"
"move","820","dragon-energy","","攻击目标造成伤害。威力随自身剩余ＨＰ减少而减少。 威力 = 150 × （当前ＨＰ / 全部ＨＰ）。","巨龙威能（招式）","https://wiki.52poke.com/wiki/%E5%B7%A8%E9%BE%99%E5%A8%81%E8%83%BD%EF%BC%88%E6%8B%9B%E5%BC%8F%EF%BC%89","CC BY-NC-SA 3.0"
"move","821","freezing-glare","","攻击目标造成伤害。 有10%的几率使目标陷入冰冻状态。","冰冷视线（招式）","https://wiki.52poke.com/wiki/%E5%86%B0%E5%86%B7%E8%A7%86%E7%BA%BF%EF%BC%88%E6%8B%9B%E5%BC%8F%EF%BC%89","CC BY-NC-SA 3.0"
"move","822","fiery-wrath","","攻击目标造成伤害。 有20%的几率使目标畏缩。","怒火中烧（招式）","https://wiki.52poke.com/wiki/%E6%80%92%E7%81%AB%E4%B8%AD%E7%83%A7%EF%BC%88%E6%8B%9B%E5%BC%8F%EF%BC%89","CC BY-NC-SA 3.0"
"move","823","thunderous-kick","","攻击目标造成伤害。","雷鸣蹴击（招式）","https://wiki.52poke.com/wiki/%E9%9B%B7%E9%B8%A3%E8%B9%B4%E5%87%BB%EF%BC%88%E6%8B%9B%E5%BC%8F%EF%BC%89","CC BY-NC-SA 3.0"
"move","824","glacial-lance","","攻击目标造成伤害。","雪矛（招式）","https://wiki.52poke.com/wiki/%E9%9B%AA%E7%9F%9B%EF%BC%88%E6%8B%9B%E5%BC%8F%EF%BC%89","CC BY-NC-SA 3.0"
"move","825","astral-barrage","","攻击目标造成伤害。","星碎（招式）","https://wiki.52poke.com/wiki/%E6%98%9F%E7%A2%8E%EF%BC%88%E6%8B%9B%E5%BC%8F%EF%BC%89","CC BY-NC-SA 3.0"
"move","826","eerie-spell","","攻击目标造成伤害。 对手最后使用的招式的ＰＰ降低3点。 降低ＰＰ的效果属于追加效果，可以被目标的鳞粉特性防止，也能够发动使用者的强行特性。 对于极巨招式，减少其原始招式的ＰＰ。 对隔音特性的宝可梦无效。 该招式无视目标的替身状态。","诡异咒语（招式）","https://wiki.52poke.com/wiki/%E8%AF%A1%E5%BC%82%E5%92%92%E8%AF%AD%EF%BC%88%E6%8B%9B%E5%BC%8F%EF%BC%89","CC BY-NC-SA 3.0"
"move","827","dire-claw","克命爪","攻击目标造成伤害。 有50%的几率使目标陷入中毒状态、麻痹状态或睡眠状态。","克命爪（招式）","https://wiki.52poke.com/wiki/%E5%85%8B%E5%91%BD%E7%88%AA%EF%BC%88%E6%8B%9B%E5%BC%8F%EF%BC%89","CC BY-NC-SA 3.0"
"move","828","psyshield-bash","屏障猛攻","攻击目标造成伤害。 惊角鹿以迅疾使出20次屏障猛攻后可以进化为诡角鹿。","屏障猛攻（招式）","https://wiki.52poke.com/wiki/%E5%B1%8F%E9%9A%9C%E7%8C%9B%E6%94%BB%EF%BC%88%E6%8B%9B%E5%BC%8F%EF%BC%89","CC BY-NC-SA 3.0"
"move","829","power-shift","力量转换","使自身进入攻防转换状态，交换自身的攻击和防御。","力量转换（招式）","https://wiki.52poke.com/wiki/%E5%8A%9B%E9%87%8F%E8%BD%AC%E6%8D%A2%EF%BC%88%E6%8B%9B%E5%BC%8F%EF%BC%89","CC BY-NC-SA 3.0"
"move","830","stone-axe","岩斧","攻击目标造成伤害。 令目标场地进入隐形岩状态，使交换上场的宝可梦受到伤害。 如果使用者因目标的铁刺特性、粗糙皮肤特性或而陷入濒死状态，则不会令目标场地进入隐形岩状态。 如果使用者因自身携带的而陷入濒死状态，则可以正常令目标场地进入隐形岩状态。","岩斧（招式）","https://wiki.52poke.com/wiki/%E5%B2%A9%E6%96%A7%EF%BC%88%E6%8B%9B%E5%BC%8F%EF%BC%89","CC BY-NC-SA 3.0"
"move","831","springtide-storm","阳春风暴","攻击目标造成伤害。","阳春风暴（招式）","https://wiki.52poke.com/wiki/%E9%98%B3%E6%98%A5%E9%A3%8E%E6%9A%B4%EF%BC%88%E6%8B%9B%E5%BC%8F%EF%BC%89","CC BY-NC-SA 3.0"
"move","832","mystical-power","神秘之力","攻击目标造成伤害。","神秘之力（招式）","https://wiki.52poke.com/wiki/%E7%A5%9E%E7%A7%98%E4%B9%8B%E5%8A%9B%EF%BC%88%E6%8B%9B%E5%BC%8F%EF%BC%89","CC BY-NC-SA 3.0"
"move","836","mountain-gale","冰山风","有30%的几率使目标畏缩。","冰山风（招式）","https://wiki.52poke.com/wiki/%E5%86%B0%E5%B1%B1%E9%A3%8E%EF%BC%88%E6%8B%9B%E5%BC%8F%EF%BC%89","CC BY-NC-SA 3.0"
"move","841","bitter-malice","冤冤相报","攻击目标造成伤害。 使目标的攻击降低1级。","冤冤相报（招式）","https://wiki.52poke.com/wiki/%E5%86%A4%E5%86%A4%E7%9B%B8%E6%8A%A5%EF%BC%88%E6%8B%9B%E5%BC%8F%EF%BC%89","CC BY-NC-SA 3.0"
"move","843","triple-arrows","三连箭","有30%的几率使目标畏缩。","三连箭（招式）","https://wiki.52poke.com/wiki/%E4%B8%89%E8%BF%9E%E7%AE%AD%EF%BC%88%E6%8B%9B%E5%BC%8F%EF%BC%89","CC BY-NC-SA 3.0"
"move","844","infernal-parade","群魔乱舞","有30%的几率使目标陷入灼伤状态。","群魔乱舞（招式）","https://wiki.52poke.com/wiki/%E7%BE%A4%E9%AD%94%E4%B9%B1%E8%88%9E%EF%BC%88%E6%8B%9B%E5%BC%8F%EF%BC%89","CC BY-NC-SA 3.0"
"move","845","ceaseless-edge","秘剑・千重涛","攻击目标造成伤害。 使目标场地变为撒菱状态，已处于撒菱状态时则提高撒菱状态层级，最多撒下3层。","秘剑・千重涛（招式）","https://wiki.52poke.com/wiki/%E7%A7%98%E5%89%91%E3%83%BB%E5%8D%83%E9%87%8D%E6%B6%9B%EF%BC%88%E6%8B%9B%E5%BC%8F%EF%BC%89","CC BY-NC-SA 3.0"
"move","846","bleakwind-storm","枯叶风暴","攻击目标造成伤害。 天气为下雨时，攻击必定会命中。 与不同，枯叶风暴无法击中处于空中状态的宝可梦，在大晴天时命中也不会降低。","枯叶风暴（招式）","https://wiki.52poke.com/wiki/%E6%9E%AF%E5%8F%B6%E9%A3%8E%E6%9A%B4%EF%BC%88%E6%8B%9B%E5%BC%8F%EF%BC%89","CC BY-NC-SA 3.0"
"move","847","wildbolt-storm","鸣雷风暴","攻击目标造成伤害。 有20%的几率使目标陷入麻痹状态。 天气为下雨时，攻击必定会命中。","鸣雷风暴（招式）","https://wiki.52poke.com/wiki/%E9%B8%A3%E9%9B%B7%E9%A3%8E%E6%9A%B4%EF%BC%88%E6%8B%9B%E5%BC%8F%EF%BC%89","CC BY-NC-SA 3.0"
"move","848","sandsear-storm","热沙风暴","攻击目标造成伤害。 有20%的几率使目标陷入灼伤状态。 天气为下雨时，攻击必定会命中。","热沙风暴（招式）","https://wiki.52poke.com/wiki/%E7%83%AD%E6%B2%99%E9%A3%8E%E6%9A%B4%EF%BC%88%E6%8B%9B%E5%BC%8F%EF%BC%89","CC BY-NC-SA 3.0"
"move","849","lunar-blessing","新月祈祷","对处于替身状态的同伴无效。","新月祈祷（招式）","https://wiki.52poke.com/wiki/%E6%96%B0%E6%9C%88%E7%A5%88%E7%A5%B7%EF%BC%88%E6%8B%9B%E5%BC%8F%EF%BC%89","CC BY-NC-SA 3.0"
"move","850","take-heart","勇气填充","治愈使用者的异常状态。","勇气填充（招式）","https://wiki.52poke.com/wiki/%E5%8B%87%E6%B0%94%E5%A1%AB%E5%85%85%EF%BC%88%E6%8B%9B%E5%BC%8F%EF%BC%89","CC BY-NC-SA 3.0"
"move","851","tera-blast","太晶爆发","攻击目标造成伤害。 太晶化时若使用者的攻击大于特攻，则该招式变为物理招式。 在判定招式分类为物理或特殊时，仅考虑使用者的能力及能力变化，不考虑特性、携带道具或灼伤状态的影响。 当使用者未太晶化时，该招式为一般属性，受皮肤类特性影响；使用者太晶化后，该招式属性变为使用者的太晶属性，且即使宝可梦的太晶属性为一般属性，该招式也不受皮肤类特性影响。 使用者太晶化为星晶属性时，太晶爆发的威力由80提升至100，属性变为星晶，对非太晶化的任何属性的目标造成1倍伤害，对太晶化的对手造成2倍的效果绝佳伤害。使用后使使用者的攻击降低1级。使使用者的特攻降低1级。","太晶爆发（招式）","https://wiki.52poke.com/wiki/%E5%A4%AA%E6%99%B6%E7%88%86%E5%8F%91%EF%BC%88%E6%8B%9B%E5%BC%8F%EF%BC%89","CC BY-NC-SA 3.0"
"move","852","silk-trap","线阱","进入守住状态。 处于守住状态期间受到接触类招式的攻击时，使攻击方的速度降低1级。","线阱（招式）","https://wiki.52poke.com/wiki/%E7%BA%BF%E9%98%B1%EF%BC%88%E6%8B%9B%E5%BC%8F%EF%BC%89","CC BY-NC-SA 3.0"
"move","853","axe-kick","下压踢","有30%的几率使目标陷入混乱状态。","下压踢（招式）","https://wiki.52poke.com/wiki/%E4%B8%8B%E5%8E%8B%E8%B8%A2%EF%BC%88%E6%8B%9B%E5%BC%8F%EF%BC%89","CC BY-NC-SA 3.0"
"move","854","last-respects","扫墓","攻击目标造成伤害。我方每有一只宝可梦陷入过濒死状态，招式的威力提升50，上限为5050。 进入战斗之前的濒死宝可梦不会增加招式威力。 使用者自身陷入濒死状态也会增加招式威力，且不会重置威力。 在对战中复活不会降低招式威力。 在多人对战或太晶团体战中，同伴训练家的宝可梦陷入濒死状态不会增加招式威力。","扫墓（招式）","https://wiki.52poke.com/wiki/%E6%89%AB%E5%A2%93%EF%BC%88%E6%8B%9B%E5%BC%8F%EF%BC%89","CC BY-NC-SA 3.0"
"move","855","lumina-crash","琉光冲激","攻击目标造成伤害。 使目标的特防降低2级。","琉光冲激（招式）","https://wiki.52poke.com/wiki/%E7%90%89%E5%85%89%E5%86%B2%E6%BF%80%EF%BC%88%E6%8B%9B%E5%BC%8F%EF%BC%89","CC BY-NC-SA 3.0"
"move","857","jet-punch","喷射拳","攻击目标造成伤害。","喷射拳（招式）","https://wiki.52poke.com/wiki/%E5%96%B7%E5%B0%84%E6%8B%B3%EF%BC%88%E6%8B%9B%E5%BC%8F%EF%BC%89","CC BY-NC-SA 3.0"
"move","858","spicy-extract","辣椒精华","使目标的防御降低2级。","辣椒精华（招式）","https://wiki.52poke.com/wiki/%E8%BE%A3%E6%A4%92%E7%B2%BE%E5%8D%8E%EF%BC%88%E6%8B%9B%E5%BC%8F%EF%BC%89","CC BY-NC-SA 3.0"
"move","861","ice-spinner","冰旋","攻击目标造成伤害并破坏场地型状态。 如果招式使用失败，或使用者因自己的生命宝珠，目标的凸凸头盔、铁刺、粗糙皮肤等而濒死，则无法移除场地型状态。","冰旋（招式）","https://wiki.52poke.com/wiki/%E5%86%B0%E6%97%8B%EF%BC%88%E6%8B%9B%E5%BC%8F%EF%BC%89","CC BY-NC-SA 3.0"
"move","862","glaive-rush","巨剑突击","攻击目标造成伤害。如果成功使出该招式，则在使用者下次使出其他招式之前，任何以使用者为目标（或之一）的招式对使用者造成的伤害翻倍，并且一定会命中（包括一击必杀的招式）。","巨剑突击（招式）","https://wiki.52poke.com/wiki/%E5%B7%A8%E5%89%91%E7%AA%81%E5%87%BB%EF%BC%88%E6%8B%9B%E5%BC%8F%EF%BC%89","CC BY-NC-SA 3.0"
"move","863","revival-blessing","复生祈祷","使用后选择１只处于濒死状态的同行宝可梦，治愈它的濒死状态，并且让它回复最大ＨＰ的５０％。 该招式不能被学习。","复生祈祷（招式）","https://wiki.52poke.com/wiki/%E5%A4%8D%E7%94%9F%E7%A5%88%E7%A5%B7%EF%BC%88%E6%8B%9B%E5%BC%8F%EF%BC%89","CC BY-NC-SA 3.0"
"move","864","salt-cure","盐腌","攻击目标造成伤害。","盐腌（招式）","https://wiki.52poke.com/wiki/%E7%9B%90%E8%85%8C%EF%BC%88%E6%8B%9B%E5%BC%8F%EF%BC%89","CC BY-NC-SA 3.0"
"move","869","kowtow-cleave","仆刀","攻击目标造成伤害。 攻击必定会命中。","仆斩（招式）","https://wiki.52poke.com/wiki/%E4%BB%86%E6%96%A9%EF%BC%88%E6%8B%9B%E5%BC%8F%EF%BC%89","CC BY-NC-SA 3.0"
"move","870","flower-trick","千变万花","容易击中要害。 攻击必定会命中。","千变万花（招式）","https://wiki.52poke.com/wiki/%E5%8D%83%E5%8F%98%E4%B8%87%E8%8A%B1%EF%BC%88%E6%8B%9B%E5%BC%8F%EF%BC%89","CC BY-NC-SA 3.0"
"move","871","torch-song","闪焰高歌","攻击目标造成伤害。 该招式无视目标的替身状态。","闪焰高歌（招式）","https://wiki.52poke.com/wiki/%E9%97%AA%E7%84%B0%E9%AB%98%E6%AD%8C%EF%BC%88%E6%8B%9B%E5%BC%8F%EF%BC%89","CC BY-NC-SA 3.0"
"move","872","aqua-step","流水旋舞","攻击目标造成伤害。","流水旋舞（招式）","https://wiki.52poke.com/wiki/%E6%B5%81%E6%B0%B4%E6%97%8B%E8%88%9E%EF%BC%88%E6%8B%9B%E5%BC%8F%EF%BC%89","CC BY-NC-SA 3.0"
"move","873","raging-bull","怒牛","破坏对方场地的光墙、反射壁和极光幕，并攻击目标造成伤害。 招式的属性会根据使用者的形态改变： 肯泰罗（斗战种）使出时，招式为格斗属性； 肯泰罗（火炽种）使出时，招式为火属性； 肯泰罗（水澜种）使出时，招式为水属性。","怒牛（招式）","https://wiki.52poke.com/wiki/%E6%80%92%E7%89%9B%EF%BC%88%E6%8B%9B%E5%BC%8F%EF%BC%89","CC BY-NC-SA 3.0"
"move","875","psyblade","","攻击目标造成伤害。 场地为电气场地时，即使使用者不是地面上的宝可梦，招式威力也会提升为原本的1.5倍。","精神剑（招式）","https://wiki.52poke.com/wiki/%E7%B2%BE%E7%A5%9E%E5%89%91%EF%BC%88%E6%8B%9B%E5%BC%8F%EF%BC%89","CC BY-NC-SA 3.0"
"move","876","hydro-steam","","攻击目标造成伤害。 天气为大晴天时，招式威力不但不会降低，还会提升为1.5倍。 使用后可以解除自己的冰冻状态。","水蒸气（招式）","https://wiki.52poke.com/wiki/%E6%B0%B4%E8%92%B8%E6%B0%94%EF%BC%88%E6%8B%9B%E5%BC%8F%EF%BC%89","CC BY-NC-SA 3.0"
"move","877","ruination","大灾难","目标当前ＨＰ过低时，至少造成1伤害。","大灾难（招式）","https://wiki.52poke.com/wiki/%E5%A4%A7%E7%81%BE%E9%9A%BE%EF%BC%88%E6%8B%9B%E5%BC%8F%EF%BC%89","CC BY-NC-SA 3.0"
"move","878","collision-course","全开猛撞","攻击目标造成伤害，招式出现效果绝佳时威力提升33%。","全开猛撞（招式）","https://wiki.52poke.com/wiki/%E5%85%A8%E5%BC%80%E7%8C%9B%E6%92%9E%EF%BC%88%E6%8B%9B%E5%BC%8F%EF%BC%89","CC BY-NC-SA 3.0"
"move","879","electro-drift","闪电猛冲","攻击目标造成伤害，招式出现效果绝佳时威力提升33%。","闪电猛冲（招式）","https://wiki.52poke.com/wiki/%E9%97%AA%E7%94%B5%E7%8C%9B%E5%86%B2%EF%BC%88%E6%8B%9B%E5%BC%8F%EF%BC%89","CC BY-NC-SA 3.0"
"move","881","chilly-reception","冷笑话","包括使用的回合在内，接下来5回合的天气变更为下雪。然后自身与后备宝可梦替换。 如果使用者携带了冰冷岩石，天气持续时间延长为8回合。 使用该招式会覆盖原本的天气。如果当前天气已经为下雪，招式没有效果，但使用者自身仍退场。 如果自身是同行中唯一没有陷入濒死状态的宝可梦，则不会退场，但天气仍变更为下雪。 即使自身受到扎根、束缚、无法逃走或踩影、沙穴、磁力的影响，也可以替换宝可梦。","冷笑话（招式）","https://wiki.52poke.com/wiki/%E5%86%B7%E7%AC%91%E8%AF%9D%EF%BC%88%E6%8B%9B%E5%BC%8F%EF%BC%89","CC BY-NC-SA 3.0"
"move","882","tidy-up","大扫除","消除双方场地上隐形岩、黏黏网、毒菱、撒菱等效果。消除双方场上宝可梦的替身。","大扫除（招式）","https://wiki.52poke.com/wiki/%E5%A4%A7%E6%89%AB%E9%99%A4%EF%BC%88%E6%8B%9B%E5%BC%8F%EF%BC%89","CC BY-NC-SA 3.0"
"move","884","pounce","虫扑","攻击目标造成伤害。 使目标的速度降低1级。","虫扑（招式）","https://wiki.52poke.com/wiki/%E8%99%AB%E6%89%91%EF%BC%88%E6%8B%9B%E5%BC%8F%EF%BC%89","CC BY-NC-SA 3.0"
"move","885","trailblaze","起草","攻击目标造成伤害。","起草（招式）","https://wiki.52poke.com/wiki/%E8%B5%B7%E8%8D%89%EF%BC%88%E6%8B%9B%E5%BC%8F%EF%BC%89","CC BY-NC-SA 3.0"
"move","886","chilling-water","泼冷水","攻击目标造成伤害。 使目标的攻击降低1级。","泼冷水（招式）","https://wiki.52poke.com/wiki/%E6%B3%BC%E5%86%B7%E6%B0%B4%EF%BC%88%E6%8B%9B%E5%BC%8F%EF%BC%89","CC BY-NC-SA 3.0"
"move","888","twin-beam","双光束","麒麟奇学会双光束后升级可以进化为奇麒麟。","双光束（招式）","https://wiki.52poke.com/wiki/%E5%8F%8C%E5%85%89%E6%9D%9F%EF%BC%88%E6%8B%9B%E5%BC%8F%EF%BC%89","CC BY-NC-SA 3.0"
"move","889","rage-fist","愤怒之拳","攻击目标造成伤害。 使用者在这场战斗中每受到一次攻击，招式的威力增加50，最大为350。受到连续招式的攻击时，计算每一次攻击。愤怒之拳的威力不会因使用者换下或陷入濒死状态而重置。 火爆猴使出20次愤怒之拳后提升等级，可以进化为弃世猴。","愤怒之拳（招式）","https://wiki.52poke.com/wiki/%E6%84%A4%E6%80%92%E4%B9%8B%E6%8B%B3%EF%BC%88%E6%8B%9B%E5%BC%8F%EF%BC%89","CC BY-NC-SA 3.0"
"move","890","armor-cannon","铠农炮","攻击目标造成伤害。 使使用者的防御降低1级。 使使用者的特防降低1级。","铠农炮（招式）","https://wiki.52poke.com/wiki/%E9%93%A0%E5%86%9C%E7%82%AE%EF%BC%88%E6%8B%9B%E5%BC%8F%EF%BC%89","CC BY-NC-SA 3.0"
"move","891","bitter-blade","悔念剑","自身回复造成伤害50%的ＨＰ。","悔念剑（招式）","https://wiki.52poke.com/wiki/%E6%82%94%E5%BF%B5%E5%89%91%EF%BC%88%E6%8B%9B%E5%BC%8F%EF%BC%89","CC BY-NC-SA 3.0"
"move","894","comeuppance","复仇","对于多次攻击类招式，仅使用最后一击的伤害计算复仇的伤害。 复仇的攻击目标会受万众瞩目状态的影响。 当回合所有对手都没有使用过攻击招式攻击到使用者时，招式使用失败。","复仇（招式）","https://wiki.52poke.com/wiki/%E5%A4%8D%E4%BB%87%EF%BC%88%E6%8B%9B%E5%BC%8F%EF%BC%89","CC BY-NC-SA 3.0"
"move","896","blazing-torque","灼热暴冲","攻击目标造成伤害。 有30%的几率使目标陷入灼伤状态。","灼热暴冲（招式）","https://wiki.52poke.com/wiki/%E7%81%BC%E7%83%AD%E6%9A%B4%E5%86%B2%EF%BC%88%E6%8B%9B%E5%BC%8F%EF%BC%89","CC BY-NC-SA 3.0"
"move","897","wicked-torque","黑暗暴冲","攻击目标造成伤害。 有10%的几率使目标陷入睡眠状态。","黑暗暴冲（招式）","https://wiki.52poke.com/wiki/%E9%BB%91%E6%9A%97%E6%9A%B4%E5%86%B2%EF%BC%88%E6%8B%9B%E5%BC%8F%EF%BC%89","CC BY-NC-SA 3.0"
"move","898","noxious-torque","剧毒暴冲","攻击目标造成伤害。 有30%的几率使目标陷入中毒状态。","剧毒暴冲（招式）","https://wiki.52poke.com/wiki/%E5%89%A7%E6%AF%92%E6%9A%B4%E5%86%B2%EF%BC%88%E6%8B%9B%E5%BC%8F%EF%BC%89","CC BY-NC-SA 3.0"
"move","899","combat-torque","格斗暴冲","攻击目标造成伤害。 有30%的几率使目标陷入麻痹状态。","格斗暴冲（招式）","https://wiki.52poke.com/wiki/%E6%A0%BC%E6%96%97%E6%9A%B4%E5%86%B2%EF%BC%88%E6%8B%9B%E5%BC%8F%EF%BC%89","CC BY-NC-SA 3.0"
"move","900","magical-torque","魔法暴冲","攻击目标造成伤害。 有30%的几率使目标陷入混乱状态。","魔法暴冲（招式）","https://wiki.52poke.com/wiki/%E9%AD%94%E6%B3%95%E6%9A%B4%E5%86%B2%EF%BC%88%E6%8B%9B%E5%BC%8F%EF%BC%89","CC BY-NC-SA 3.0"
"move","902","matcha-gotcha","刷刷茶炮","自身回复造成伤害50%的ＨＰ。 有20%的几率使目标陷入灼伤状态。 使用后可以解除自己的冰冻状态。","刷刷茶炮（招式）","https://wiki.52poke.com/wiki/%E5%88%B7%E5%88%B7%E8%8C%B6%E7%82%AE%EF%BC%88%E6%8B%9B%E5%BC%8F%EF%BC%89","CC BY-NC-SA 3.0"
"move","907","fickle-beam","","攻击目标造成伤害。 招式威力有30%的概率翻倍。","随机光（招式）","https://wiki.52poke.com/wiki/%E9%9A%8F%E6%9C%BA%E5%85%89%EF%BC%88%E6%8B%9B%E5%BC%8F%EF%BC%89","CC BY-NC-SA 3.0"
"move","908","burning-bulwark","","进入守住状态。 处于守住状态期间受到接触类招式的攻击时，令攻击方陷入灼伤状态。","火焰守护（招式）","https://wiki.52poke.com/wiki/%E7%81%AB%E7%84%B0%E5%AE%88%E6%8A%A4%EF%BC%88%E6%8B%9B%E5%BC%8F%EF%BC%89","CC BY-NC-SA 3.0"
"move","909","thunderclap","","攻击目标造成伤害。 如果目标在本回合没有选择攻击招式，或本回合已经行动，则迅雷会使用失败。 只考虑目标是否选择了相应的招式，而不考虑目标的招式能否使用成功。 如果目标是太晶团体战中的野生宝可梦，就算其一回合内使用的多个招式中包含了攻击招式，只要第一次使用的招式是变化招式，迅雷就会使用失败。 如果对方使用蓄力的招式（无论当回合是在进行蓄力或进行攻击），不考虑其他情况下，迅雷都能使用成功，但是否命中需要另外判定。","迅雷（招式）","https://wiki.52poke.com/wiki/%E8%BF%85%E9%9B%B7%EF%BC%88%E6%8B%9B%E5%BC%8F%EF%BC%89","CC BY-NC-SA 3.0"
"move","919","malignant-chain","","攻击目标造成伤害。","邪毒锁链（招式）","https://wiki.52poke.com/wiki/%E9%82%AA%E6%AF%92%E9%94%81%E9%93%BE%EF%BC%88%E6%8B%9B%E5%BC%8F%EF%BC%89","CC BY-NC-SA 3.0"
"move","839","barb-barrage","毒千针","有50%的几率使目标陷入中毒状态。 千针鱼()以刚猛使出20次毒千针后可以进化为万针鱼。 千针鱼()学会毒千针后升级可以进化为万针鱼。 千针鱼()使出毒千针累计攻击20个目标后可以进化为万针鱼。","毒千针（招式）","https://wiki.52poke.com/wiki/%E6%AF%92%E5%8D%83%E9%92%88%EF%BC%88%E6%8B%9B%E5%BC%8F%EF%BC%89","CC BY-NC-SA 3.0"
"move","892","double-shock","电光双击","攻击目标造成伤害。 使用后自身电属性变成无属性，其他属性的顺位不会改变，离场后恢复。 拥有多属性和ＡＲ系统特性的电属性宝可梦使用此招式后，特性继续生效，宝可梦的电属性不会消失。 使用者本身不具有电属性时，招式使用失败。 太晶化电属性的宝可梦和太晶星晶属性的具有电属性的宝可梦使用此招式后，宝可梦的电属性不会消失。","电光双击（招式）","https://wiki.52poke.com/wiki/%E7%94%B5%E5%85%89%E5%8F%8C%E5%87%BB%EF%BC%88%E6%8B%9B%E5%BC%8F%EF%BC%89","CC BY-NC-SA 3.0"
"move","834","wave-crash","波动冲","使用者承受对目标造成伤害1/3的反作用力伤害。","波动冲（招式）","https://wiki.52poke.com/wiki/%E6%B3%A2%E5%8A%A8%E5%86%B2%EF%BC%88%E6%8B%9B%E5%BC%8F%EF%BC%89","CC BY-NC-SA 3.0"
"move","837","victory-dance","胜利之舞","使使用者的攻击提高1级。 使使用者的防御提高1级。 使使用者的速度提高1级。","胜利之舞（招式）","https://wiki.52poke.com/wiki/%E8%83%9C%E5%88%A9%E4%B9%8B%E8%88%9E%EF%BC%88%E6%8B%9B%E5%BC%8F%EF%BC%89","CC BY-NC-SA 3.0"
"move","840","esper-wing","气场之翼","使使用者的速度提高1级。","气场之翼（招式）","https://wiki.52poke.com/wiki/%E6%B0%94%E5%9C%BA%E4%B9%8B%E7%BF%BC%EF%BC%88%E6%8B%9B%E5%BC%8F%EF%BC%89","CC BY-NC-SA 3.0"
"move","842","shelter","闭关","使使用者的防御提高2级。","闭关（招式）","https://wiki.52poke.com/wiki/%E9%97%AD%E5%85%B3%EF%BC%88%E6%8B%9B%E5%BC%8F%EF%BC%89","CC BY-NC-SA 3.0"
"move","860","population-bomb","鼠数儿","连续攻击1～10次。","鼠数儿（招式）","https://wiki.52poke.com/wiki/%E9%BC%A0%E6%95%B0%E5%84%BF%EF%BC%88%E6%8B%9B%E5%BC%8F%EF%BC%89","CC BY-NC-SA 3.0"
"move","865","triple-dive","三连钻","连续攻击3次。","三连钻（招式）","https://wiki.52poke.com/wiki/%E4%B8%89%E8%BF%9E%E9%92%BB%EF%BC%88%E6%8B%9B%E5%BC%8F%EF%BC%89","CC BY-NC-SA 3.0"
"move","893","gigaton-hammer","巨力锤","不能连续使用。","巨力锤（招式）","https://wiki.52poke.com/wiki/%E5%B7%A8%E5%8A%9B%E9%94%A4%EF%BC%88%E6%8B%9B%E5%BC%8F%EF%BC%89","CC BY-NC-SA 3.0"
"move","901","blood-moon","血月","不能连续使用。","血月（招式）","https://wiki.52poke.com/wiki/%E8%A1%80%E6%9C%88%EF%BC%88%E6%8B%9B%E5%BC%8F%EF%BC%89","CC BY-NC-SA 3.0"
"move","757","max-flare","","攻击目标造成伤害。使天气变为大晴天。携带炽热岩石时持续时间延长。","極巨火爆","https://wiki.52poke.com/wiki/%E6%A5%B5%E5%B7%A8%E7%81%AB%E7%88%86","CC BY-NC-SA 3.0"
"move","758","max-flutterby","","攻击目标造成伤害。使全部对手宝可梦的特攻降低1级。该效果无视对手的替身。","極巨蟲蠱","https://wiki.52poke.com/wiki/%E6%A5%B5%E5%B7%A8%E8%9F%B2%E8%A0%B1","CC BY-NC-SA 3.0"
"move","759","max-lightning","","攻击目标造成伤害。将场地变成电气场地。","極巨閃電","https://wiki.52poke.com/wiki/%E6%A5%B5%E5%B7%A8%E9%96%83%E9%9B%BB","CC BY-NC-SA 3.0"
"move","760","max-strike","","攻击目标造成伤害。使全部对手宝可梦的速度降低1级。该效果无视对手的替身。","極巨攻擊","https://wiki.52poke.com/wiki/%E6%A5%B5%E5%B7%A8%E6%94%BB%E6%93%8A","CC BY-NC-SA 3.0"
"move","761","max-knuckle","","攻击目标造成伤害。使使用者和同伴的攻击提高1级。","極巨拳鬥","https://wiki.52poke.com/wiki/%E6%A5%B5%E5%B7%A8%E6%8B%B3%E9%AC%A5","CC BY-NC-SA 3.0"
"move","762","max-phantasm","","攻击目标造成伤害。使全部对手宝可梦的防御降低1级。","極巨幽魂","https://wiki.52poke.com/wiki/%E6%A5%B5%E5%B7%A8%E5%B9%BD%E9%AD%82","CC BY-NC-SA 3.0"
"move","763","max-hailstorm","","攻击目标造成伤害。在５回合内会降下冰雹。","極巨寒冰","https://wiki.52poke.com/wiki/%E6%A5%B5%E5%B7%A8%E5%AF%92%E5%86%B0","CC BY-NC-SA 3.0"
"move","764","max-ooze","","攻击目标造成伤害。使使用者和同伴的特攻提高1级。","極巨酸毒","https://wiki.52poke.com/wiki/%E6%A5%B5%E5%B7%A8%E9%85%B8%E6%AF%92","CC BY-NC-SA 3.0"
"move","765","max-geyser","","攻击目标造成伤害。将天气转为下雨。","極巨水流","https://wiki.52poke.com/wiki/%E6%A5%B5%E5%B7%A8%E6%B0%B4%E6%B5%81","CC BY-NC-SA 3.0"
"move","766","max-airstream","","攻击目标造成伤害。使使用者和同伴的速度提高1级。","極巨飛衝","https://wiki.52poke.com/wiki/%E6%A5%B5%E5%B7%A8%E9%A3%9B%E8%A1%9D","CC BY-NC-SA 3.0"
"move","767","max-starfall","","攻击目标造成伤害。可在５回合内将脚下变成薄雾场地。","極巨妖精","https://wiki.52poke.com/wiki/%E6%A5%B5%E5%B7%A8%E5%A6%96%E7%B2%BE","CC BY-NC-SA 3.0"
"move","768","max-wyrmwind","","攻击目标造成伤害。使全部对手宝可梦的攻击降低1级。","極巨龍騎","https://wiki.52poke.com/wiki/%E6%A5%B5%E5%B7%A8%E9%BE%8D%E9%A8%8E","CC BY-NC-SA 3.0"
"move","769","max-mindstorm","","攻击目标造成伤害。可在５回合内将脚下变成精神场地。","極巨超能","https://wiki.52poke.com/wiki/%E6%A5%B5%E5%B7%A8%E8%B6%85%E8%83%BD","CC BY-NC-SA 3.0"
"move","770","max-rockfall","","攻击目标造成伤害。使天气变为沙暴。携带沙沙岩石时持续时间延长。","極巨岩石","https://wiki.52poke.com/wiki/%E6%A5%B5%E5%B7%A8%E5%B2%A9%E7%9F%B3","CC BY-NC-SA 3.0"
"move","771","max-quake","","攻击目标造成伤害。使使用者和同伴的特防提高1级。","極巨大地","https://wiki.52poke.com/wiki/%E6%A5%B5%E5%B7%A8%E5%A4%A7%E5%9C%B0","CC BY-NC-SA 3.0"
"move","772","max-darkness","","攻击目标造成伤害。使全部对手宝可梦的特防降低1级。","極巨惡霸","https://wiki.52poke.com/wiki/%E6%A5%B5%E5%B7%A8%E6%83%A1%E9%9C%B8","CC BY-NC-SA 3.0"
"move","773","max-overgrowth","","攻击目标造成伤害。将场地变成青草场地。","極巨草原","https://wiki.52poke.com/wiki/%E6%A5%B5%E5%B7%A8%E8%8D%89%E5%8E%9F","CC BY-NC-SA 3.0"
"move","774","max-steelspike","","攻击目标造成伤害。使全部我方宝可梦的防御上升1级。","極巨鋼鐵","https://wiki.52poke.com/wiki/%E6%A5%B5%E5%B7%A8%E9%8B%BC%E9%90%B5","CC BY-NC-SA 3.0"
"move","743","max-guard","","与其他防住类招式造成的守住状态相比，极巨防壁造成的守住状态能保护自身不受到极巨招式、大部分超极巨招式、潜灵奇袭、挡路、鲜花防守、辅助齿轮、磁场操控、自我暗示、茶会和变身的影响。","極巨防壁","https://wiki.52poke.com/wiki/%E6%A5%B5%E5%B7%A8%E9%98%B2%E5%A3%81","CC BY-NC-SA 3.0"
"move","744","dynamax-cannon","","攻击目标造成伤害。目标处于极巨化状态时，招式威力变成2倍。","极巨炮（招式）","https://wiki.52poke.com/wiki/%E6%9E%81%E5%B7%A8%E7%82%AE%EF%BC%88%E6%8B%9B%E5%BC%8F%EF%BC%89","CC BY-NC-SA 3.0"
"move","748","no-retreat","","使使用者的攻击、防御、特攻、特防和速度提高1级。使用者进入无法逃走状态。由于使用该招式而处于无法逃走状态时再次使用该招式会失败。由于其他招式（例如黑色目光）而处于无法逃走状态时可以多次成功使出该招式，但无法逃走状态不会叠加。","背水一战（招式）","https://wiki.52poke.com/wiki/%E8%83%8C%E6%B0%B4%E4%B8%80%E6%88%98%EF%BC%88%E6%8B%9B%E5%BC%8F%EF%BC%89","CC BY-NC-SA 3.0"
"move","750","magic-powder","","将目标的属性组合变成单一超能力属性。目标离场后效果解除。无法改变拥有多属性、ＡＲ系统特性或处于替身状态的宝可梦的属性。无法改变太晶化的宝可梦的属性。该状态不能被接棒传递。对草属性、防尘特性、携带防尘护目镜的宝可梦无效。","魔法粉（招式）","https://wiki.52poke.com/wiki/%E9%AD%94%E6%B3%95%E7%B2%89%EF%BC%88%E6%8B%9B%E5%BC%8F%EF%BC%89","CC BY-NC-SA 3.0"
"move","752","teatime","","使场上所有的宝可梦携带的樹果都会被立即消耗掉。以下情况会无法触发茶会的效果： 若所有宝可梦消耗携带的树果；宝可梦处于空中、水中、地下或潜伏状态；若处于输电状态时，茶会的使用效果对蓄电特性的宝可梦无效。以下情况会依然触发茶会的效果： 不符合使用树果的条件，例如满ＨＰ时携带回复ＨＰ的树果；即使场上有宝可梦的特性为紧张感或处于魔法空间中。如果场上没有宝可梦携带樹果，茶会效果失败。","茶会（招式）","https://wiki.52poke.com/wiki/%E8%8C%B6%E4%BC%9A%EF%BC%88%E6%8B%9B%E5%BC%8F%EF%BC%89","CC BY-NC-SA 3.0"
"move","753","octolock","","使目标陷入无法逃走和蛸固状态。处于无法逃走状态的宝可梦不能换下。处于蛸固状态的宝可梦每回合的防御和特防降低1级。蛸固对幽灵属性宝可梦无效：既不能令幽灵属性的目标无法逃走，也无法降低其能力，同时不播放招式动画。","蛸固（招式）","https://wiki.52poke.com/wiki/%E8%9B%B8%E5%9B%BA%EF%BC%88%E6%8B%9B%E5%BC%8F%EF%BC%89","CC BY-NC-SA 3.0"
"move","775","clangorous-soul","","使用者失去最大ＨＰ的1/3的ＨＰ，小数点后舍去。使使用者的攻击、防御、特攻、特防和速度提高1级。如果使用者剩余ＨＰ不足，或者五项能力变化皆已是最大，则招式使用失败。","魂舞烈音爆（招式）","https://wiki.52poke.com/wiki/%E9%AD%82%E8%88%9E%E7%83%88%E9%9F%B3%E7%88%86%EF%BC%88%E6%8B%9B%E5%BC%8F%EF%BC%89","CC BY-NC-SA 3.0"
"move","777","decorate","","使目标的攻击提高2级。使目标的特攻提高2级。","装饰（招式）","https://wiki.52poke.com/wiki/%E8%A3%85%E9%A5%B0%EF%BC%88%E6%8B%9B%E5%BC%8F%EF%BC%89","CC BY-NC-SA 3.0"
"move","781","behemoth-blade","","攻击目标造成伤害。目标处于极巨化状态时，招式威力变成2倍。","巨兽斩（招式）","https://wiki.52poke.com/wiki/%E5%B7%A8%E5%85%BD%E6%96%A9%EF%BC%88%E6%8B%9B%E5%BC%8F%EF%BC%89","CC BY-NC-SA 3.0"
"move","782","behemoth-bash","","攻击目标造成伤害。目标处于极巨化状态时，招式威力变成2倍。","巨兽弹（招式）","https://wiki.52poke.com/wiki/%E5%B7%A8%E5%85%BD%E5%BC%B9%EF%BC%88%E6%8B%9B%E5%BC%8F%EF%BC%89","CC BY-NC-SA 3.0"
"move","792","obstruct","","进入守住状态。处于守住状态期间受到接触类招式的攻击时，使攻击方的防御降低2级。","拦堵（招式）","https://wiki.52poke.com/wiki/%E6%8B%A6%E5%A0%B5%EF%BC%88%E6%8B%9B%E5%BC%8F%EF%BC%89","CC BY-NC-SA 3.0"
"move","796","steel-beam","","攻击目标造成伤害。使用者失去最大ＨＰ的1/2（向上取整）。如果使用者自身ＨＰ不足1/2，这会导致使用者陷入濒死。即使招式未命中、被守住状态阻挡，由于属性相性或特性而没有产生效果，使用者仍然会受到伤害。目标已经陷入濒死且对手场上没有任何宝可梦时，此招式使用失败，使用者不会受到伤害。如果双方同时因为此招式陷入濒死，则使用者会先倒下，因此在对战中如果使用此招式导致双方均没有可以战斗的宝可梦，使用者会输掉这场对战。使用者的魔法防守特性会防止此招式对使用者伤害；使用者的舍身、坚硬脑袋特性对此招式无效。","铁蹄光线（招式）","https://wiki.52poke.com/wiki/%E9%93%81%E8%B9%84%E5%85%89%E7%BA%BF%EF%BC%88%E6%8B%9B%E5%BC%8F%EF%BC%89","CC BY-NC-SA 3.0"
"move","803","grassy-glide","","攻击目标造成伤害。在青草场地上，若使用者为地面上的宝可梦，则该招式优先度+1。带有附加效果的青草滑梯可以被快速防守、女王的威严等阻挡。","青草滑梯（招式）","https://wiki.52poke.com/wiki/%E9%9D%92%E8%8D%89%E6%BB%91%E6%A2%AF%EF%BC%88%E6%8B%9B%E5%BC%8F%EF%BC%89","CC BY-NC-SA 3.0"
"move","804","rising-voltage","","在电气场地上，若对手为地面上的宝可梦，则招式威力变成原来的2倍。","电力上升（招式）","https://wiki.52poke.com/wiki/%E7%94%B5%E5%8A%9B%E4%B8%8A%E5%8D%87%EF%BC%88%E6%8B%9B%E5%BC%8F%EF%BC%89","CC BY-NC-SA 3.0"
"move","808","lash-out","","攻击目标造成伤害。当回合内自身能力变化曾降低过时，招式威力变成2倍。以下情况符合触发威力翻倍效果的条件： 在战斗开始时，由入场发动的特性导致的能力下降（例如对方的威吓）；即使该回合触发好胜、不服输、弱点保险等，自身能力变化相对回合开始上升，也能触发泄愤的效果。以下情况不符合触发威力翻倍效果的条件： 因受到黑雾、清除之烟、颠倒、暗影偷盗等招式或特性怪药影响造成的能力相对下降；在上回合结束时的能力下降（例如心情不定特性、招式使用者被替换出场时受到黏黏网的影响、或者对方宝可梦被击倒后替换上拥有威吓特性的宝可梦等情况）。","泄愤（招式）","https://wiki.52poke.com/wiki/%E6%B3%84%E6%84%A4%EF%BC%88%E6%8B%9B%E5%BC%8F%EF%BC%89","CC BY-NC-SA 3.0"
"move","809","poltergeist","","探知目标道具进行攻击，该效果不会消耗目标的道具。如果目标没有携带道具，或者特性为笨拙时，招式使用失败。该招式对无法移除的道具（如苍响携带的腐朽的剑）同样有效。若对手携带的道具因本次攻击而触发，如佛柑果、逃脱按键、弱点保险，招式仍然使用成功；若道具触发时机更早，则使用失败。在魔法空间下，该招式对携带道具的目标依然有效。使用招式后的提示为：「对手的 [宝可梦的名字] 被 [对手宝可梦的道具] 袭击了！」","灵骚（招式）","https://wiki.52poke.com/wiki/%E7%81%B5%E9%AA%9A%EF%BC%88%E6%8B%9B%E5%BC%8F%EF%BC%89","CC BY-NC-SA 3.0"
"move","810","corrosive-gas","","如果目标持有可被拍落的携带物品，则目标在战斗结束前失去其携带物品。该招式可以触发轻装特性。","腐蚀气体（招式）","https://wiki.52poke.com/wiki/%E8%85%90%E8%9A%80%E6%B0%94%E4%BD%93%EF%BC%88%E6%8B%9B%E5%BC%8F%EF%BC%89","CC BY-NC-SA 3.0"
"move","813","triple-axel","","连续攻击1～3次。","三旋击（招式）","https://wiki.52poke.com/wiki/%E4%B8%89%E6%97%8B%E5%87%BB%EF%BC%88%E6%8B%9B%E5%BC%8F%EF%BC%89","CC BY-NC-SA 3.0"
"move","814","dual-wingbeat","","连续攻击2次。","双翼（招式）","https://wiki.52poke.com/wiki/%E5%8F%8C%E7%BF%BC%EF%BC%88%E6%8B%9B%E5%BC%8F%EF%BC%89","CC BY-NC-SA 3.0"
"move","818","surging-strikes","","连续攻击3次。","水流连打（招式）","https://wiki.52poke.com/wiki/%E6%B0%B4%E6%B5%81%E8%BF%9E%E6%89%93%EF%BC%88%E6%8B%9B%E5%BC%8F%EF%BC%89","CC BY-NC-SA 3.0"
"move","866","mortal-spin","晶光转转","攻击目标造成伤害。只要此招式成功使出，会移除己方场地上的入场可生效的状态；摆脱自身束缚、寄生种子状态。如果招式使用失败，或使用者因目标的凸凸头盔、铁刺、粗糙皮肤等而濒死，则无法移除和摆脱。","晶光转转（招式）","https://wiki.52poke.com/wiki/%E6%99%B6%E5%85%89%E8%BD%AC%E8%BD%AC%EF%BC%88%E6%8B%9B%E5%BC%8F%EF%BC%89","CC BY-NC-SA 3.0"
"move","868","fillet-away","甩肉","使用者损失最大ＨＰ的1/2（向下取整）。使使用者的攻击提高2级。使使用者的特攻提高2级。使使用者的速度提高2级。如果使用者自身ＨＰ不足1/2，招式使用失败。","甩肉（招式）","https://wiki.52poke.com/wiki/%E7%94%A9%E8%82%89%EF%BC%88%E6%8B%9B%E5%BC%8F%EF%BC%89","CC BY-NC-SA 3.0"
"move","746","jaw-lock","","攻击目标造成伤害。使攻击方和目标都陷入无法逃走状态。任意一方为幽灵属性的情况下使用该招式，双方都不会陷入无法逃走状态。","紧咬不放（招式）","https://wiki.52poke.com/wiki/%E7%B4%A7%E5%92%AC%E4%B8%8D%E6%94%BE%EF%BC%88%E6%8B%9B%E5%BC%8F%EF%BC%89","CC BY-NC-SA 3.0"
"move","747","stuff-cheeks","","立即消耗掉使用者所携带的樹果。使使用者的防御提高2级。若场上存在紧张感特性的宝可梦或处于魔法空间中，使用大快朵颐仍能消耗其携带的树果。","大快朵颐（招式）","https://wiki.52poke.com/wiki/%E5%A4%A7%E5%BF%AB%E6%9C%B5%E9%A2%90%EF%BC%88%E6%8B%9B%E5%BC%8F%EF%BC%89","CC BY-NC-SA 3.0"
"move","779","snap-trap","","攻击目标造成伤害。使目标陷入束缚状态。束缚状态持续4～5回合，处于束缚状态的宝可梦会持续受到伤害并不能换下。","捕兽夹（招式）","https://wiki.52poke.com/wiki/%E6%8D%95%E5%85%BD%E5%A4%B9%EF%BC%88%E6%8B%9B%E5%BC%8F%EF%BC%89","CC BY-NC-SA 3.0"
"move","780","pyro-ball","","攻击目标造成伤害。有10%的几率使目标陷入灼伤状态。使用后可以解除自己的冰冻状态。对防弹特性的宝可梦无效。","火焰球（招式）","https://wiki.52poke.com/wiki/%E7%81%AB%E7%84%B0%E7%90%83%EF%BC%88%E6%8B%9B%E5%BC%8F%EF%BC%89","CC BY-NC-SA 3.0"
"move","786","overdrive","","攻击目标造成伤害。对隔音特性的宝可梦无效。该招式无视目标的替身状态。","破音（招式）","https://wiki.52poke.com/wiki/%E7%A0%B4%E9%9F%B3%EF%BC%88%E6%8B%9B%E5%BC%8F%EF%BC%89","CC BY-NC-SA 3.0"
"move","791","life-dew","","使用者和同伴回复最大ＨＰ的25%。对拥有干燥皮肤特性的宝可梦使用生命水滴不会因其特性效果而增加回复的ＨＰ。","生命水滴（招式）","https://wiki.52poke.com/wiki/%E7%94%9F%E5%91%BD%E6%B0%B4%E6%BB%B4%EF%BC%88%E6%8B%9B%E5%BC%8F%EF%BC%89","CC BY-NC-SA 3.0"
"move","819","thunder-cage","","攻击目标造成伤害。使目标陷入束缚状态。束缚状态持续4～5回合，处于束缚状态的宝可梦会持续受到伤害并不能换下。","雷电囚笼（招式）","https://wiki.52poke.com/wiki/%E9%9B%B7%E7%94%B5%E5%9B%9A%E7%AC%BC%EF%BC%88%E6%8B%9B%E5%BC%8F%EF%BC%89","CC BY-NC-SA 3.0"
